-- Insert Users
INSERT INTO user_entity (id, username, email, password, role, created_at, is_verified, activation_token, avatar)
VALUES
    ('03453eb8-4c4a-42fb-98c7-302e9b81acc6', 'user1', 'user1@example.com', '$2a$12$prB7vZCNs7uhHWOZlVZSUe6iGCPrhGzO.gni6IvqJIlj7Hyj0mS8u', 'USER', '2025-02-24 12:00:00', true, null, null),
    ('550e8400-e29b-41d4-a716-446655440002', 'user2', 'user2@example.com', '$2a$12$prB7vZCNs7uhHWOZlVZSUe6iGCPrhGzO.gni6IvqJIlj7Hyj0mS8u', 'USER', '2025-02-24 12:00:00', true, null, null),
    ('550e8400-e29b-41d4-a716-446655440003', 'user3', 'user3@example.com', '$2a$12$prB7vZCNs7uhHWOZlVZSUe6iGCPrhGzO.gni6IvqJIlj7Hyj0mS8u', 'USER', '2025-02-24 12:00:00', true, null, null),
    ('550e8400-e29b-41d4-a716-446655440001', 'admin1', 'maluisa2000.30.3@gmail.com', '$2a$12$prB7vZCNs7uhHWOZlVZSUe6iGCPrhGzO.gni6IvqJIlj7Hyj0mS8u', 'ADMIN', '2025-02-24 12:00:00', true, null, null),
    ('550e8400-e29b-41d4-a716-446655440005', 'user5', 'user5@example.com', '$2a$12$prB7vZCNs7uhHWOZlVZSUe6iGCPrhGzO.gni6IvqJIlj7Hyj0mS8u', 'USER', '2025-02-24 12:00:00', true, null, null),
    ('550e8400-e29b-41d4-a716-446655440006', 'user6', 'user6@example.com', '$2a$12$prB7vZCNs7uhHWOZlVZSUe6iGCPrhGzO.gni6IvqJIlj7Hyj0mS8u', 'USER', '2025-02-24 12:00:00', true, null, null),
    ('550e8400-e29b-41d4-a716-446655440007', 'user7', 'user7@example.com', '$2a$12$prB7vZCNs7uhHWOZlVZSUe6iGCPrhGzO.gni6IvqJIlj7Hyj0mS8u', 'USER', '2025-02-24 12:00:00', true, null, null),
    ('550e8400-e29b-41d4-a716-446655440008', 'user8', 'user8@example.com', '$2a$12$prB7vZCNs7uhHWOZlVZSUe6iGCPrhGzO.gni6IvqJIlj7Hyj0mS8u', 'USER', '2025-02-24 12:00:00', true, null, null),
    ('550e8400-e29b-41d4-a716-446655440009', 'admin2', 'admin2@example.com', '$2a$12$prB7vZCNs7uhHWOZlVZSUe6iGCPrhGzO.gni6IvqJIlj7Hyj0mS8u', 'ADMIN', '2025-02-24 12:00:00', true, null, null),
    ('550e8400-e29b-41d4-a716-446655440010', 'user10', 'user10@example.com', '$2a$12$prB7vZCNs7uhHWOZlVZSUe6iGCPrhGzO.gni6IvqJIlj7Hyj0mS8u', 'USER', '2025-02-24 12:00:00', true, null, null),
    ('550e8400-e29b-41d4-a716-446655440011', 'user11', 'user11@example.com', '$2a$12$prB7vZCNs7uhHWOZlVZSUe6iGCPrhGzO.gni6IvqJIlj7Hyj0mS8u', 'USER', '2025-02-24 12:00:00', true, null, null),
    ('550e8400-e29b-41d4-a716-446655440012', 'user12', 'user12@example.com', '$2a$12$prB7vZCNs7uhHWOZlVZSUe6iGCPrhGzO.gni6IvqJIlj7Hyj0mS8u', 'USER', '2025-02-24 12:00:00', true, null, null),
    ('550e8400-e29b-41d4-a716-446655440013', 'admin3', 'admin3@example.com', '$2a$12$prB7vZCNs7uhHWOZlVZSUe6iGCPrhGzO.gni6IvqJIlj7Hyj0mS8u', 'ADMIN', '2025-02-24 12:00:00', true, null, null),
    ('550e8400-e29b-41d4-a716-446655440014', 'user14', 'user14@example.com', '$2a$12$prB7vZCNs7uhHWOZlVZSUe6iGCPrhGzO.gni6IvqJIlj7Hyj0mS8u', 'USER', '2025-02-24 12:00:00', true, null, null),
    ('550e8400-e29b-41d4-a716-446655440015', 'user15', 'user15@example.com', '$2a$12$prB7vZCNs7uhHWOZlVZSUe6iGCPrhGzO.gni6IvqJIlj7Hyj0mS8u', 'USER', '2025-02-24 12:00:00', true, null, null),
    ('550e8400-e29b-41d4-a716-446655440016', 'user16', 'user16@example.com', '$2a$12$prB7vZCNs7uhHWOZlVZSUe6iGCPrhGzO.gni6IvqJIlj7Hyj0mS8u', 'USER', '2025-02-24 12:00:00', true, null, null),
    ('550e8400-e29b-41d4-a716-446655440017', 'admin4', 'admin4@example.com', '$2a$12$prB7vZCNs7uhHWOZlVZSUe6iGCPrhGzO.gni6IvqJIlj7Hyj0mS8u', 'ADMIN', '2025-02-24 12:00:00', true, null, null),
    ('550e8400-e29b-41d4-a716-446655440018', 'user18', 'user18@example.com', '$2a$12$prB7vZCNs7uhHWOZlVZSUe6iGCPrhGzO.gni6IvqJIlj7Hyj0mS8u', 'USER', '2025-02-24 12:00:00', true, null, null),
    ('550e8400-e29b-41d4-a716-446655440019', 'user19', 'user19@example.com', '$2a$12$prB7vZCNs7uhHWOZlVZSUe6iGCPrhGzO.gni6IvqJIlj7Hyj0mS8u', 'USER', '2025-02-24 12:00:00', true, null, null),
    ('550e8400-e29b-41d4-a716-446655440020', 'user20', 'user20@example.com', '$2a$12$prB7vZCNs7uhHWOZlVZSUe6iGCPrhGzO.gni6IvqJIlj7Hyj0mS8u', 'USER', '2025-02-24 12:00:00', true, null, null),
    ('550e8400-e29b-41d4-a716-446655440021', 'admin5', 'admin5@example.com', '$2a$12$prB7vZCNs7uhHWOZlVZSUe6iGCPrhGzO.gni6IvqJIlj7Hyj0mS8u', 'ADMIN', '2025-02-24 12:00:00', true, null, null),
    ('550e8400-e29b-41d4-a716-446655440022', 'user22', 'user22@example.com', '$2a$12$prB7vZCNs7uhHWOZlVZSUe6iGCPrhGzO.gni6IvqJIlj7Hyj0mS8u', 'USER', '2025-02-24 12:00:00', true, null, null),
    ('550e8400-e29b-41d4-a716-446655440023', 'user23', 'user23@example.com', '$2a$12$prB7vZCNs7uhHWOZlVZSUe6iGCPrhGzO.gni6IvqJIlj7Hyj0mS8u', 'USER', '2025-02-24 12:00:00', true, null, null),
    ('550e8400-e29b-41d4-a716-446655440024', 'user24', 'user24@example.com', '$2a$12$prB7vZCNs7uhHWOZlVZSUe6iGCPrhGzO.gni6IvqJIlj7Hyj0mS8u', 'USER', '2025-02-24 12:00:00', true, null, null),
    ('550e8400-e29b-41d4-a716-446655440025', 'admin6', 'admin6@example.com', '$2a$12$prB7vZCNs7uhHWOZlVZSUe6iGCPrhGzO.gni6IvqJIlj7Hyj0mS8u', 'ADMIN', '2025-02-24 12:00:00', true, null, null);

-- Insert Categories
INSERT INTO category (id, name, parent_category_id)
VALUES
    (1, 'Carnes', NULL),
    (2, 'Carnes Rojas', 1),
    (3, 'Carnes Blancas', 1),
    (4, 'Pescados', NULL),
    (5, 'Pescados Azules', 4),
    (6, 'Pescados Blancos', 4),
    (7, 'Vegetales', NULL),
    (8, 'Verduras', 7),
    (9, 'Frutas', 7),
    (10, 'Lácteos', NULL),
    (11, 'Quesos', 10),
    (12, 'Cereales', NULL),
    (13, 'Legumbres', 12),
    (14, 'Granos', 12),
    (15, 'Postres', NULL),
    (16, 'Postres Lácteos', 15),
    (17, 'Postres Frutales', 15),
    (18, 'Bebidas', NULL),
    (19, 'Caldos', 18),
    (20, 'Vinos', 18),
    (21, 'Salsas', NULL);

-- Insert Ingredients (unchanged as per request)
INSERT INTO ingredient (id, name, quantity, unit_of_measure)
VALUES
    -- Carnes y embutidos
    (1, 'Pollo', 1, 'KILO'),
    (2, 'Ternera', 1, 'KILO'),
    (3, 'Cerdo', 1, 'KILO'),
    (4, 'Cordero', 1, 'KILO'),
    (5, 'Conejo', 1, 'KILO'),
    (6, 'Chorizo', 1, 'KILO'),
    (7, 'Jamón serrano', 1, 'KILO'),
    (8, 'Jamón ibérico', 1, 'KILO'),
    (9, 'Salchichón', 1, 'KILO'),
    (10, 'Morcilla', 1, 'KILO'),
    (11, 'Lomo', 1, 'KILO'),
    (12, 'Costillas de cerdo', 1, 'KILO'),
    (13, 'Panceta', 1, 'KILO'),
    (14, 'Butifarra', 1, 'KILO'),
    (15, 'Pollo (pechuga)', 1, 'KILO'),
    (16, 'Pollo (muslo)', 1, 'KILO'),
    (17, 'Pavo', 1, 'KILO'),
    -- Pescados y mariscos
    (18, 'Merluza', 1, 'KILO'),
    (19, 'Bacalao', 1, 'KILO'),
    (20, 'Sardina', 1, 'KILO'),
    (21, 'Boquerón', 1, 'KILO'),
    (22, 'Atún', 1, 'KILO'),
    (23, 'Salmón', 1, 'KILO'),
    (24, 'Dorada', 1, 'KILO'),
    (25, 'Lubina', 1, 'KILO'),
    (26, 'Rape', 1, 'KILO'),
    (27, 'Calamar', 1, 'KILO'),
    (28, 'Sepia', 1, 'KILO'),
    (29, 'Pulpo', 1, 'KILO'),
    (30, 'Gamba', 1, 'KILO'),
    (31, 'Langostino', 1, 'KILO'),
    (32, 'Mejillón', 1, 'KILO'),
    (33, 'Almeja', 1, 'KILO'),
    (34, 'Chirlas', 1, 'KILO'),
    (35, 'Cangrejo', 1, 'KILO'),
    (36, 'Bogavante', 1, 'KILO'),
    (37, 'Nécora', 1, 'KILO'),
    -- Verduras y hortalizas
    (38, 'Tomate', 1, 'KILO'),
    (39, 'Cebolla', 1, 'KILO'),
    (40, 'Ajo', 1, 'KILO'),
    (41, 'Pimiento rojo', 1, 'KILO'),
    (42, 'Pimiento verde', 1, 'KILO'),
    (43, 'Pimiento amarillo', 1, 'KILO'),
    (44, 'Patata', 1, 'KILO'),
    (45, 'Lechuga', 1, 'UNIDAD'),
    (46, 'Espinaca', 1, 'KILO'),
    (47, 'Acelga', 1, 'KILO'),
    (48, 'Calabacín', 1, 'KILO'),
    (49, 'Berenjena', 1, 'KILO'),
    (50, 'Zanahoria', 1, 'KILO'),
    (51, 'Calabaza', 1, 'KILO'),
    (52, 'Coliflor', 1, 'UNIDAD'),
    (53, 'Brócoli', 1, 'KILO'),
    (54, 'Repollo', 1, 'UNIDAD'),
    (55, 'Alcachofa', 1, 'KILO'),
    (56, 'Espárrago verde', 1, 'KILO'),
    (57, 'Espárrago blanco', 1, 'KILO'),
    (58, 'Puerro', 1, 'KILO'),
    (59, 'Apio', 1, 'KILO'),
    (60, 'Nabo', 1, 'KILO'),
    (61, 'Rábano', 1, 'KILO'),
    (62, 'Judía verde', 1, 'KILO'),
    (63, 'Guisante', 1, 'KILO'),
    (64, 'Haba', 1, 'KILO'),
    (65, 'Endibia', 1, 'UNIDAD'),
    (66, 'Champiñón', 1, 'KILO'),
    (67, 'Seta de cardo', 1, 'KILO'),
    (68, 'Boletus', 1, 'KILO'),
    (69, 'Níscalo', 1, 'KILO'),
    -- Frutas
    (70, 'Naranja', 1, 'KILO'),
    (71, 'Limón', 1, 'KILO'),
    (72, 'Mandarina', 1, 'KILO'),
    (73, 'Manzana', 1, 'KILO'),
    (74, 'Pera', 1, 'KILO'),
    (75, 'Plátano', 1, 'KILO'),
    (76, 'Uva', 1, 'KILO'),
    (77, 'Fresa', 1, 'KILO'),
    (78, 'Melocotón', 1, 'KILO'),
    (79, 'Albaricoque', 1, 'KILO'),
    (80, 'Cereza', 1, 'KILO'),
    (81, 'Ciruela', 1, 'KILO'),
    (82, 'Melón', 1, 'KILO'),
    (83, 'Sandía', 1, 'KILO'),
    (84, 'Higo', 1, 'KILO'),
    (85, 'Granada', 1, 'KILO'),
    (86, 'Kiwi', 1, 'KILO'),
    (87, 'Piña', 1, 'KILO'),
    (88, 'Mango', 1, 'KILO'),
    (89, 'Aguacate', 1, 'KILO'),
    -- Cereales y legumbres
    (90, 'Arroz', 1, 'KILO'),
    (91, 'Pasta', 1, 'KILO'),
    (92, 'Lenteja', 1, 'KILO'),
    (93, 'Garbanzo', 1, 'KILO'),
    (94, 'Alubia blanca', 1, 'KILO'),
    (95, 'Alubia roja', 1, 'KILO'),
    (96, 'Quinoa', 1, 'KILO'),
    (97, 'Cuscús', 1, 'KILO'),
    (98, 'Harina de trigo', 1, 'KILO'),
    (99, 'Harina de maíz', 1, 'KILO'),
    (100, 'Pan rallado', 1, 'KILO'),
    (101, 'Sémola', 1, 'KILO'),
    (102, 'Trigo sarraceno', 1, 'KILO'),
    -- Lácteos
    (103, 'Queso manchego', 1, 'KILO'),
    (104, 'Queso fresco', 1, 'KILO'),
    (105, 'Queso de cabra', 1, 'KILO'),
    (106, 'Queso azul', 1, 'KILO'),
    (107, 'Queso curado', 1, 'KILO'),
    (108, 'Leche entera', 1, 'LITRO'),
    (109, 'Leche desnatada', 1, 'LITRO'),
    (110, 'Nata líquida', 1, 'LITRO'),
    (111, 'Yogur natural', 1, 'UNIDAD'),
    (112, 'Mantequilla', 1, 'KILO'),
    (113, 'Requesón', 1, 'KILO'),
    -- Aceites, vinagres y salsas
    (114, 'Aceite de oliva virgen extra', 1, 'LITRO'),
    (115, 'Aceite de girasol', 1, 'LITRO'),
    (116, 'Vinagre de vino', 1, 'LITRO'),
    (117, 'Vinagre de Jerez', 1, 'LITRO'),
    (118, 'Vinagre balsámico', 1, 'LITRO'),
    (119, 'Salsa de tomate', 1, 'KILO'),
    (120, 'Mayonesa', 1, 'KILO'),
    (121, 'Mostaza', 1, 'KILO'),
    (122, 'Salsa alioli', 1, 'KILO'),
    (123, 'Salsa romesco', 1, 'KILO'),
    (124, 'Miel', 1, 'KILO'),
    -- Especias y hierbas
    (125, 'Pimentón dulce', 1, 'GRAMO'),
    (126, 'Pimentón picante', 1, 'GRAMO'),
    (127, 'Azafrán', 1, 'GRAMO'),
    (128, 'Perejil', 1, 'GRAMO'),
    (129, 'Albahaca', 1, 'GRAMO'),
    (130, 'Orégano', 1, 'GRAMO'),
    (131, 'Tomillo', 1, 'GRAMO'),
    (132, 'Romero', 1, 'GRAMO'),
    (133, 'Laurel', 1, 'GRAMO'),
    (134, 'Cilantro', 1, 'GRAMO'),
    (135, 'Canela', 1, 'GRAMO'),
    (136, 'Comino', 1, 'GRAMO'),
    (137, 'Nuez moscada', 1, 'GRAMO'),
    (138, 'Pimienta negra', 1, 'GRAMO'),
    (139, 'Pimienta blanca', 1, 'GRAMO'),
    (140, 'Clavo', 1, 'GRAMO'),
    (141, 'Curry', 1, 'GRAMO'),
    (142, 'Cúrcuma', 1, 'GRAMO'),
    (143, 'Jengibre', 1, 'GRAMO'),
    -- Frutos secos y semillas
    (144, 'Almendra', 1, 'KILO'),
    (145, 'Avellana', 1, 'KILO'),
    (146, 'Nuez', 1, 'KILO'),
    (147, 'Piñón', 1, 'KILO'),
    (148, 'Cacahuete', 1, 'KILO'),
    (149, 'Semilla de sésamo', 1, 'KILO'),
    (150, 'Semilla de chía', 1, 'KILO'),
    (151, 'Semilla de lino', 1, 'KILO'),
    (152, 'Anacardo', 1, 'KILO'),
    (153, 'Pistacho', 1, 'KILO'),
    -- Bebidas y caldos
    (154, 'Vino blanco', 1, 'LITRO'),
    (155, 'Vino tinto', 1, 'LITRO'),
    (156, 'Cava', 1, 'LITRO'),
    (157, 'Caldo de pollo', 1, 'LITRO'),
    (158, 'Caldo de pescado', 1, 'LITRO'),
    (159, 'Caldo de carne', 1, 'LITRO'),
    (160, 'Caldo de verduras', 1, 'LITRO'),
    (161, 'Agua', 1, 'LITRO'),
    -- Panes y masas
    (162, 'Pan blanco', 1, 'KILO'),
    (163, 'Pan integral', 1, 'KILO'),
    (164, 'Pan de centeno', 1, 'KILO'),
    (165, 'Masa de hojaldre', 1, 'KILO'),
    (166, 'Masa de pizza', 1, 'KILO'),
    (167, 'Masa quebrada', 1, 'KILO'),
    -- Azúcares y edulcorantes
    (168, 'Azúcar blanco', 1, 'KILO'),
    (169, 'Azúcar moreno', 1, 'KILO'),
    (170, 'Azúcar glas', 1, 'KILO'),
    (171, 'Stevia', 1, 'GRAMO'),
    (172, 'Sacarina', 1, 'GRAMO'),
    -- Otros
    (173, 'Huevo', 1, 'UNIDAD'),
    (174, 'Clara de huevo', 1, 'UNIDAD'),
    (175, 'Yema de huevo', 1, 'UNIDAD'),
    (176, 'Levadura fresca', 1, 'GRAMO'),
    (177, 'Levadura en polvo', 1, 'GRAMO'),
    (178, 'Bicarbonato sódico', 1, 'GRAMO'),
    (179, 'Chocolate negro', 1, 'KILO'),
    (180, 'Chocolate con leche', 1, 'KILO'),
    (181, 'Cacao en polvo', 1, 'KILO'),
    (182, 'Maicena', 1, 'KILO'),
    (183, 'Gelatina', 1, 'GRAMO'),
    (184, 'Vainilla', 1, 'GRAMO'),
    (185, 'Anís', 1, 'GRAMO'),
    (186, 'Sal', 1, 'KILO'),
    (187, 'Sal gorda', 1, 'KILO'),
    (188, 'Kétchup', 1, 'KILO'),
    (189, 'Salsa de soja', 1, 'LITRO'),
    (190, 'Pasta de pimiento choricero', 1, 'KILO'),
    (191, 'Aceituna verde', 1, 'KILO'),
    (192, 'Aceituna negra', 1, 'KILO'),
    (193, 'Alcaparra', 1, 'KILO'),
    (194, 'Pepinillo', 1, 'KILO'),
    (195, 'Cebolla frita crujiente', 1, 'KILO'),
    (196, 'Mermelada de fresa', 1, 'KILO'),
    (197, 'Mermelada de melocotón', 1, 'KILO'),
    (198, 'Dulce de leche', 1, 'KILO'),
    (199, 'Crema de cacao', 1, 'KILO'),
    (200, 'Crema catalana en polvo', 1, 'KILO');

-- Link Ingredients to Categories
INSERT INTO ingredient_category (ingredient_id, category_id)
VALUES
    -- Existing mappings
    (1, 1),   -- Pollo -> Carnes
    (2, 2),   -- Ternera -> Carnes Rojas
    (3, 3),   -- Tomate -> Carnes Blancas (assuming error in original, should be Verduras)
    (4, 3),   -- Cebolla -> Carnes Blancas (assuming error, should be Verduras)
    (5, 2),   -- Pasta -> Carnes Rojas (assuming error, should be Cereales)
    (6, 2),   -- Chorizo -> Carnes Rojas
    (7, 3),   -- Lechuga -> Carnes Blancas (assuming error, should be Verduras)
    (8, 3),   -- Jamón ibérico -> Carnes Blancas (assuming error, should be Carnes)
    (9, 1),   -- Salchichón -> Carnes
    (10, 2),  -- Morcilla -> Carnes Rojas
    (3, 8),   -- Tomate -> Verduras
    (4, 8),   -- Cebolla -> Verduras
    (5, 14),  -- Pasta -> Granos
    (7, 8),   -- Lechuga -> Verduras
    (8, 1),   -- Jamón ibérico -> Carnes
    (15, 3),  -- Pollo (pechuga) -> Carnes Blancas
    (16, 3),  -- Pollo (muslo) -> Carnes Blancas
    (17, 3),  -- Pavo -> Carnes Blancas
    (18, 6),  -- Merluza -> Pescados Blancos
    (23, 5),  -- Salmón -> Pescados Azules
    (44, 8),  -- Patata -> Verduras
    (70, 9),  -- Naranja -> Frutas
    (90, 14), -- Arroz -> Granos
    (92, 13), -- Lenteja -> Legumbres
    (103, 11),-- Queso manchego -> Quesos
    (108, 10),-- Leche entera -> Lácteos
    (114, 21),-- Aceite de oliva virgen extra -> Salsas
    (119, 21),-- Salsa de tomate -> Salsas
    (154, 20),-- Vino blanco -> Vinos
    (157, 19),-- Caldo de pollo -> Caldos
    (179, 15),-- Chocolate negro -> Postres
    (196, 17);-- Mermelada de fresa -> Postres Frutales

-- Insert Recipes
INSERT INTO recipe (id, name, description, portions, user_id, created_at, updated_at)
VALUES
    (1, 'Pollo al Curry', 'Un delicioso plato de pollo con curry y arroz.', 4, '550e8400-e29b-41d4-a716-446655440001', '2025-02-24 12:00:00', '2025-02-24 12:00:00'),
    (2, 'Ensalada César', 'Ensalada fresca con pollo y aderezo César.', 2, '550e8400-e29b-41d4-a716-446655440001', '2025-02-24 12:00:00', '2025-02-24 12:00:00'),
    (3, 'Pasta con Tomate', 'Pasta sencilla con salsa de tomate casera.', 3, '550e8400-e29b-41d4-a716-446655440001', '2025-02-24 12:00:00', '2025-02-24 12:00:00'),
    (4, 'Pescado al Horno', 'Pescado asado con patatas y aceite de oliva.', 2, '550e8400-e29b-41d4-a716-446655440001', '2025-02-24 12:00:00', '2025-02-24 12:00:00'),
    (5, 'Arroz con Verduras', 'Arroz salteado con verduras frescas.', 4, '550e8400-e29b-41d4-a716-446655440001', '2025-02-24 12:00:00', '2025-02-24 12:00:00'),
    (6, 'Sopa de Cebolla', 'Sopa caliente con cebolla y queso gratinado.', 3, '550e8400-e29b-41d4-a716-446655440001', '2025-02-24 12:00:00', '2025-02-24 12:00:00'),
    (7, 'Patatas Fritas', 'Patatas crujientes fritas en aceite de oliva.', 2, '550e8400-e29b-41d4-a716-446655440001', '2025-02-24 12:00:00', '2025-02-24 12:00:00'),
    (8, 'Ensalada Verde', 'Ensalada ligera con lechuga y tomate.', 1, '550e8400-e29b-41d4-a716-446655440001', '2025-02-24 12:00:00', '2025-02-24 12:00:00'),
    (9, 'Pollo Asado', 'Pollo jugoso asado con especias.', 4, '550e8400-e29b-41d4-a716-446655440001', '2025-02-24 12:00:00', '2025-02-24 12:00:00'),
    (10, 'Pasta con Queso', 'Pasta cremosa con queso fundido.', 3, '550e8400-e29b-41d4-a716-446655440001', '2025-02-24 12:00:00', '2025-02-24 12:00:00'),
    (11, 'Lentejas Estofadas', 'Lentejas con chorizo y verduras.', 4, '550e8400-e29b-41d4-a716-446655440002', '2025-02-24 12:00:00', '2025-02-24 12:00:00'),
    (12, 'Salmón a la Plancha', 'Salmón con especias y limón.', 2, '550e8400-e29b-41d4-a716-446655440003', '2025-02-24 12:00:00', '2025-02-24 12:00:00'),
    (13, 'Tarta de Queso', 'Postre cremoso de queso con base de galleta.', 6, '03453eb8-4c4a-42fb-98c7-302e9b81acc6', '2025-02-24 12:00:00', '2025-02-24 12:00:00'),
    (14, 'Calamares a la Romana', 'Calamares fritos con harina.', 3, '550e8400-e29b-41d4-a716-446655440005', '2025-02-24 12:00:00', '2025-02-24 12:00:00'),
    (15, 'Ensalada de Frutas', 'Mezcla refrescante de frutas frescas.', 4, '550e8400-e29b-41d4-a716-446655440006', '2025-02-24 12:00:00', '2025-02-24 12:00:00'),
    (16, 'Paella de Mariscos', 'Paella con gambas y mejillones.', 4, '550e8400-e29b-41d4-a716-446655440007', '2025-02-24 12:00:00', '2025-02-24 12:00:00'),
    (17, 'Crema Catalana', 'Postre tradicional con crema y caramelo.', 4, '550e8400-e29b-41d4-a716-446655440008', '2025-02-24 12:00:00', '2025-02-24 12:00:00'),
    (18, 'Ternera al Vino Tinto', 'Ternera estofada en salsa de vino.', 4, '550e8400-e29b-41d4-a716-446655440009', '2025-02-24 12:00:00', '2025-02-24 12:00:00'),
    (19, 'Pizza Casera', 'Pizza con tomate, queso y albahaca.', 4, '550e8400-e29b-41d4-a716-446655440010', '2025-02-24 12:00:00', '2025-02-24 12:00:00'),
    (20, 'Sopa de Lentejas', 'Sopa caliente con lentejas y zanahoria.', 3, '550e8400-e29b-41d4-a716-446655440011', '2025-02-24 12:00:00', '2025-02-24 12:00:00'),
    (21, 'Tortilla Española', 'Tortilla de patata y cebolla.', 4, '550e8400-e29b-41d4-a716-446655440012', '2025-02-24 12:00:00', '2025-02-24 12:00:00'),
    (22, 'Ensalada de Quinoa', 'Ensalada saludable con quinoa y verduras.', 2, '550e8400-e29b-41d4-a716-446655440013', '2025-02-24 12:00:00', '2025-02-24 12:00:00'),
    (23, 'Pollo al Limón', 'Pollo asado con salsa de limón.', 4, '550e8400-e29b-41d4-a716-446655440014', '2025-02-24 12:00:00', '2025-02-24 12:00:00'),
    (24, 'Flan de Huevo', 'Postre clásico de flan con caramelo.', 4, '550e8400-e29b-41d4-a716-446655440015', '2025-02-24 12:00:00', '2025-02-24 12:00:00'),
    (25, 'Pasta con Pesto', 'Pasta con salsa de albahaca y piñones.', 3, '550e8400-e29b-41d4-a716-446655440016', '2025-02-24 12:00:00', '2025-02-24 12:00:00');

-- Link Recipes to Categories
INSERT INTO recipe_category (recipe_id, category_id)
VALUES
    (1, 1), (1, 14),  -- Pollo al Curry -> Carnes, Granos
    (2, 1), (2, 8),   -- Ensalada César -> Carnes, Verduras
    (3, 14), (3, 8),  -- Pasta con Tomate -> Granos, Verduras
    (4, 4), (4, 8),   -- Pescado al Horno -> Pescados, Verduras
    (5, 14), (5, 8),  -- Arroz con Verduras -> Granos, Verduras
    (6, 8), (6, 11),  -- Sopa de Cebolla -> Verduras, Quesos
    (7, 8),           -- Patatas Fritas -> Verduras
    (8, 8),           -- Ensalada Verde -> Verduras
    (9, 1),           -- Pollo Asado -> Carnes
    (10, 14), (10, 11), -- Pasta con Queso -> Granos, Quesos
    (11, 13), (11, 8),  -- Lentejas Estofadas -> Legumbres, Verduras
    (12, 5),           -- Salmón a la Plancha -> Pescados Azules
    (13, 16),          -- Tarta de Queso -> Postres Lácteos
    (14, 4),           -- Calamares a la Romana -> Pescados
    (15, 17),          -- Ensalada de Frutas -> Postres Frutales
    (16, 4), (16, 14), -- Paella de Mariscos -> Pescados, Granos
    (17, 16),          -- Crema Catalana -> Postres Lácteos
    (18, 2), (18, 20), -- Ternera al Vino Tinto -> Carnes Rojas, Vinos
    (19, 14), (19, 11), -- Pizza Casera -> Granos, Quesos
    (20, 13), (20, 8),  -- Sopa de Lentejas -> Legumbres, Verduras
    (21, 8),           -- Tortilla Española -> Verduras
    (22, 14), (22, 8), -- Ensalada de Quinoa -> Granos, Verduras
    (23, 3),           -- Pollo al Limón -> Carnes Blancas
    (24, 16),          -- Flan de Huevo -> Postres Lácteos
    (25, 14), (25, 21); -- Pasta con Pesto -> Granos, Salsas

-- Insert Recipe Ingredients
INSERT INTO recipe_ingredient (recipe_id, ingredient_id, quantity)
VALUES
    (1, 1, 1), (1, 90, 1), (1, 141, 0.01),  -- Pollo al Curry: Pollo, Arroz, Curry
    (2, 15, 1), (2, 45, 1), (2, 120, 0.5),  -- Ensalada César: Pollo (pechuga), Lechuga, Mayonesa
    (3, 91, 1), (3, 38, 1), (3, 119, 0.5),  -- Pasta con Tomate: Pasta, Tomate, Salsa de tomate
    (4, 18, 1), (4, 44, 1), (4, 114, 0.2),  -- Pescado al Horno: Merluza, Patata, Aceite de oliva
    (5, 90, 1), (5, 48, 1), (5, 50, 1),     -- Arroz con Verduras: Arroz, Calabacín, Zanahoria
    (6, 39, 1), (6, 103, 0.5), (6, 157, 1), -- Sopa de Cebolla: Cebolla, Queso manchego, Caldo de pollo
    (7, 44, 1), (7, 114, 0.2),              -- Patatas Fritas: Patata, Aceite de oliva
    (8, 45, 1), (8, 38, 1), (8, 114, 0.1),  -- Ensalada Verde: Lechuga, Tomate, Aceite de oliva
    (9, 1, 1), (9, 138, 0.01),              -- Pollo Asado: Pollo, Pimienta negra
    (10, 91, 1), (10, 103, 0.5),            -- Pasta con Queso: Pasta, Queso manchego
    (11, 92, 1), (11, 6, 0.5), (11, 39, 1), -- Lentejas Estofadas: Lenteja, Chorizo, Cebolla
    (12, 23, 1), (12, 71, 0.2), (12, 138, 0.01), -- Salmón a la Plancha: Salmón, Limón, Pimienta negra
    (13, 104, 1), (13, 173, 2), (13, 168, 0.5),  -- Tarta de Queso: Queso fresco, Huevo, Azúcar blanco
    (14, 27, 1), (14, 98, 0.5), (14, 114, 0.2),  -- Calamares a la Romana: Calamar, Harina de trigo, Aceite de oliva
    (15, 70, 1), (15, 77, 0.5), (15, 86, 0.5),   -- Ensalada de Frutas: Naranja, Fresa, Kiwi
    (16, 30, 1), (16, 32, 1), (16, 90, 1),       -- Paella de Mariscos: Gamba, Mejillón, Arroz
    (17, 108, 1), (17, 173, 2), (17, 200, 0.1),  -- Crema Catalana: Leche entera, Huevo, Crema catalana en polvo
    (18, 2, 1), (18, 155, 0.5), (18, 39, 1),     -- Ternera al Vino Tinto: Ternera, Vino tinto, Cebolla
    (19, 166, 1), (19, 103, 0.5), (19, 129, 0.01), -- Pizza Casera: Masa de pizza, Queso manchego, Albahaca
    (20, 92, 1), (20, 50, 1), (20, 160, 1),      -- Sopa de Lentejas: Lenteja, Zanahoria, Caldo de verduras
    (21, 44, 1), (21, 173, 3), (21, 39, 0.5),    -- Tortilla Española: Patata, Huevo, Cebolla
    (22, 96, 1), (22, 48, 1), (22, 41, 0.5),     -- Ensalada de Quinoa: Quinoa, Calabacín, Pimiento rojo
    (23, 15, 1), (23, 71, 0.2), (23, 114, 0.1),  -- Pollo al Limón: Pollo (pechuga), Limón, Aceite de oliva
    (24, 173, 3), (24, 108, 1), (24, 168, 0.5),  -- Flan de Huevo: Huevo, Leche entera, Azúcar blanco
    (25, 91, 1), (25, 129, 0.01), (25, 147, 0.1); -- Pasta con Pesto: Pasta, Albahaca, Piñón

-- Insert Inventory Items
INSERT INTO inventory (id, user_id, ingredient_id, quantity, added_at)
VALUES
    (1, '550e8400-e29b-41d4-a716-446655440001', 1, 2, '2025-02-24 12:00:00'),
    (2, '550e8400-e29b-41d4-a716-446655440001', 90, 3, '2025-02-24 12:00:00'),
    (3, '550e8400-e29b-41d4-a716-446655440001', 114, 1, '2025-02-24 12:00:00'),
    (4, '550e8400-e29b-41d4-a716-446655440002', 92, 2, '2025-02-24 12:00:00'),
    (5, '550e8400-e29b-41d4-a716-446655440002', 39, 1, '2025-02-24 12:00:00'),
    (6, '550e8400-e29b-41d4-a716-446655440003', 23, 1, '2025-02-24 12:00:00'),
    (7, '550e8400-e29b-41d4-a716-446655440003', 71, 0.5, '2025-02-24 12:00:00'),
    (8, '03453eb8-4c4a-42fb-98c7-302e9b81acc6', 104, 1, '2025-02-24 12:00:00'),
    (9, '03453eb8-4c4a-42fb-98c7-302e9b81acc6', 173, 6, '2025-02-24 12:00:00'),
    (10, '550e8400-e29b-41d4-a716-446655440005', 27, 1, '2025-02-24 12:00:00'),
    (11, '550e8400-e29b-41d4-a716-446655440005', 98, 0.5, '2025-02-24 12:00:00'),
    (12, '550e8400-e29b-41d4-a716-446655440006', 70, 2, '2025-02-24 12:00:00'),
    (13, '550e8400-e29b-41d4-a716-446655440006', 77, 0.5, '2025-02-24 12:00:00'),
    (14, '550e8400-e29b-41d4-a716-446655440007', 30, 1, '2025-02-24 12:00:00'),
    (15, '550e8400-e29b-41d4-a716-446655440007', 90, 1, '2025-02-24 12:00:00'),
    (16, '550e8400-e29b-41d4-a716-446655440008', 108, 1, '2025-02-24 12:00:00'),
    (17, '550e8400-e29b-41d4-a716-446655440008', 200, 0.2, '2025-02-24 12:00:00'),
    (18, '550e8400-e29b-41d4-a716-446655440009', 2, 1, '2025-02-24 12:00:00'),
    (19, '550e8400-e29b-41d4-a716-446655440009', 155, 0.5, '2025-02-24 12:00:00'),
    (20, '550e8400-e29b-41d4-a716-446655440010', 166, 1, '2025-02-24 12:00:00'),
    (21, '550e8400-e29b-41d4-a716-446655440010', 103, 0.5, '2025-02-24 12:00:00'),
    (22, '550e8400-e29b-41d4-a716-446655440011', 92, 1, '2025-02-24 12:00:00'),
    (23, '550e8400-e29b-41d4-a716-446655440011', 50, 1, '2025-02-24 12:00:00'),
    (24, '550e8400-e29b-41d4-a716-446655440012', 44, 2, '2025-02-24 12:00:00'),
    (25, '550e8400-e29b-41d4-a716-446655440012', 173, 6, '2025-02-24 12:00:00'),
    (26, '550e8400-e29b-41d4-a716-446655440013', 96, 1, '2025-02-24 12:00:00'),
    (27, '550e8400-e29b-41d4-a716-446655440013', 48, 1, '2025-02-24 12:00:00'),
    (28, '550e8400-e29b-41d4-a716-446655440014', 15, 1, '2025-02-24 12:00:00'),
    (29, '550e8400-e29b-41d4-a716-446655440014', 71, 0.2, '2025-02-24 12:00:00'),
    (30, '550e8400-e29b-41d4-a716-446655440015', 173, 6, '2025-02-24 12:00:00'),
    (31, '550e8400-e29b-41d4-a716-446655440015', 108, 1, '2025-02-24 12:00:00'),
    (32, '550e8400-e29b-41d4-a716-446655440016', 91, 1, '2025-02-24 12:00:00'),
    (33, '550e8400-e29b-41d4-a716-446655440016', 129, 0.01, '2025-02-24 12:00:00'),
    (34, '550e8400-e29b-41d4-a716-446655440017', 2, 1, '2025-02-24 12:00:00'),
    (35, '550e8400-e29b-41d4-a716-446655440017', 39, 1, '2025-02-24 12:00:00'),
    (36, '550e8400-e29b-41d4-a716-446655440018', 90, 1, '2025-02-24 12:00:00'),
    (37, '550e8400-e29b-41d4-a716-446655440018', 48, 1, '2025-02-24 12:00:00'),
    (38, '550e8400-e29b-41d4-a716-446655440019', 23, 1, '2025-02-24 12:00:00'),
    (39, '550e8400-e29b-41d4-a716-446655440019', 114, 0.2, '2025-02-24 12:00:00'),
    (40, '550e8400-e29b-41d4-a716-446655440020', 44, 2, '2025-02-24 12:00:00'),
    (41, '550e8400-e29b-41d4-a716-446655440020', 39, 1, '2025-02-24 12:00:00'),
    (42, '550e8400-e29b-41d4-a716-446655440021', 104, 1, '2025-02-24 12:00:00'),
    (43, '550e8400-e29b-41d4-a716-446655440021', 168, 0.5, '2025-02-24 12:00:00'),
    (44, '550e8400-e29b-41d4-a716-446655440022', 96, 1, '2025-02-24 12:00:00'),
    (45, '550e8400-e29b-41d4-a716-446655440022', 41, 0.5, '2025-02-24 12:00:00'),
    (46, '550e8400-e29b-41d4-a716-446655440023', 90, 1, '2025-02-24 12:00:00'),
    (47, '550e8400-e29b-41d4-a716-446655440023', 50, 1, '2025-02-24 12:00:00'),
    (48, '550e8400-e29b-41d4-a716-446655440024', 44, 2, '2025-02-24 12:00:00'),
    (49, '550e8400-e29b-41d4-a716-446655440024', 173, 6, '2025-02-24 12:00:00'),
    (50, '550e8400-e29b-41d4-a716-446655440025', 2, 1, '2025-02-24 12:00:00'),
    (51, '550e8400-e29b-41d4-a716-446655440025', 155, 0.5, '2025-02-24 12:00:00');

-- Insert Favorites
INSERT INTO favorites (id, user_id, recipe_id, added_at)
VALUES
    (1, '550e8400-e29b-41d4-a716-446655440001', 1, '2025-02-24 12:00:00'),
    (2, '550e8400-e29b-41d4-a716-446655440001', 2, '2025-02-24 12:00:00'),
    (3, '550e8400-e29b-41d4-a716-446655440002', 11, '2025-02-24 12:00:00'),
    (4, '550e8400-e29b-41d4-a716-446655440002', 3, '2025-02-24 12:00:00'),
    (5, '550e8400-e29b-41d4-a716-446655440003', 12, '2025-02-24 12:00:00'),
    (6, '550e8400-e29b-41d4-a716-446655440003', 4, '2025-02-24 12:00:00'),
    (7, '03453eb8-4c4a-42fb-98c7-302e9b81acc6', 13, '2025-02-24 12:00:00'),
    (8, '03453eb8-4c4a-42fb-98c7-302e9b81acc6', 17, '2025-02-24 12:00:00'),
    (9, '550e8400-e29b-41d4-a716-446655440005', 14, '2025-02-24 12:00:00'),
    (10, '550e8400-e29b-41d4-a716-446655440005', 5, '2025-02-24 12:00:00'),
    (11, '550e8400-e29b-41d4-a716-446655440006', 15, '2025-02-24 12:00:00'),
    (12, '550e8400-e29b-41d4-a716-446655440006', 8, '2025-02-24 12:00:00'),
    (13, '550e8400-e29b-41d4-a716-446655440007', 16, '2025-02-24 12:00:00'),
    (14, '550e8400-e29b-41d4-a716-446655440007', 4, '2025-02-24 12:00:00'),
    (15, '550e8400-e29b-41d4-a716-446655440008', 17, '2025-02-24 12:00:00'),
    (16, '550e8400-e29b-41d4-a716-446655440008', 13, '2025-02-24 12:00:00'),
    (17, '550e8400-e29b-41d4-a716-446655440009', 18, '2025-02-24 12:00:00'),
    (18, '550e8400-e29b-41d4-a716-446655440009', 1, '2025-02-24 12:00:00'),
    (19, '550e8400-e29b-41d4-a716-446655440010', 19, '2025-02-24 12:00:00'),
    (20, '550e8400-e29b-41d4-a716-446655440010', 10, '2025-02-24 12:00:00'),
    (21, '550e8400-e29b-41d4-a716-446655440011', 20, '2025-02-24 12:00:00'),
    (22, '550e8400-e29b-41d4-a716-446655440011', 11, '2025-02-24 12:00:00'),
    (23, '550e8400-e29b-41d4-a716-446655440012', 21, '2025-02-24 12:00:00'),
    (24, '550e8400-e29b-41d4-a716-446655440012', 7, '2025-02-24 12:00:00'),
    (25, '550e8400-e29b-41d4-a716-446655440013', 22, '2025-02-24 12:00:00'),
    (26, '550e8400-e29b-41d4-a716-446655440013', 8, '2025-02-24 12:00:00'),
    (27, '550e8400-e29b-41d4-a716-446655440014', 23, '2025-02-24 12:00:00'),
    (28, '550e8400-e29b-41d4-a716-446655440014', 9, '2025-02-24 12:00:00'),
    (29, '550e8400-e29b-41d4-a716-446655440015', 24, '2025-02-24 12:00:00'),
    (30, '550e8400-e29b-41d4-a716-446655440015', 13, '2025-02-24 12:00:00'),
    (31, '550e8400-e29b-41d4-a716-446655440016', 25, '2025-02-24 12:00:00'),
    (32, '550e8400-e29b-41d4-a716-446655440016', 10, '2025-02-24 12:00:00'),
    (33, '550e8400-e29b-41d4-a716-446655440017', 18, '2025-02-24 12:00:00'),
    (34, '550e8400-e29b-41d4-a716-446655440017', 1, '2025-02-24 12:00:00'),
    (35, '550e8400-e29b-41d4-a716-446655440018', 5, '2025-02-24 12:00:00'),
    (36, '550e8400-e29b-41d4-a716-446655440018', 8, '2025-02-24 12:00:00'),
    (37, '550e8400-e29b-41d4-a716-446655440019', 12, '2025-02-24 12:00:00'),
    (38, '550e8400-e29b-41d4-a716-446655440019', 4, '2025-02-24 12:00:00'),
    (39, '550e8400-e29b-41d4-a716-446655440020', 7, '2025-02-24 12:00:00'),
    (40, '550e8400-e29b-41d4-a716-446655440020', 8, '2025-02-24 12:00:00'),
    (41, '550e8400-e29b-41d4-a716-446655440021', 13, '2025-02-24 12:00:00'),
    (42, '550e8400-e29b-41d4-a716-446655440021', 17, '2025-02-24 12:00:00'),
    (43, '550e8400-e29b-41d4-a716-446655440022', 22, '2025-02-24 12:00:00'),
    (44, '550e8400-e29b-41d4-a716-446655440022', 15, '2025-02-24 12:00:00'),
    (45, '550e8400-e29b-41d4-a716-446655440023', 20, '2025-02-24 12:00:00'),
    (46, '550e8400-e29b-41d4-a716-446655440023', 11, '2025-02-24 12:00:00'),
    (47, '550e8400-e29b-41d4-a716-446655440024', 21, '2025-02-24 12:00:00'),
    (48, '550e8400-e29b-41d4-a716-446655440024', 7, '2025-02-24 12:00:00'),
    (49, '550e8400-e29b-41d4-a716-446655440025', 18, '2025-02-24 12:00:00'),
    (50, '550e8400-e29b-41d4-a716-446655440025', 1, '2025-02-24 12:00:00');

-- Insert Shopping Carts
INSERT INTO shopping_cart (id, user_id, created_at)
VALUES
    (1, '550e8400-e29b-41d4-a716-446655440001', '2025-02-24 12:00:00'),
    (2, '550e8400-e29b-41d4-a716-446655440002', '2025-02-24 12:00:00'),
    (3, '550e8400-e29b-41d4-a716-446655440003', '2025-02-24 12:00:00'),
    (4, '03453eb8-4c4a-42fb-98c7-302e9b81acc6', '2025-02-24 12:00:00'),
    (5, '550e8400-e29b-41d4-a716-446655440005', '2025-02-24 12:00:00'),
    (6, '550e8400-e29b-41d4-a716-446655440006', '2025-02-24 12:00:00'),
    (7, '550e8400-e29b-41d4-a716-446655440007', '2025-02-24 12:00:00'),
    (8, '550e8400-e29b-41d4-a716-446655440008', '2025-02-24 12:00:00'),
    (9, '550e8400-e29b-41d4-a716-446655440009', '2025-02-24 12:00:00'),
    (10, '550e8400-e29b-41d4-a716-446655440010', '2025-02-24 12:00:00'),
    (11, '550e8400-e29b-41d4-a716-446655440011', '2025-02-24 12:00:00'),
    (12, '550e8400-e29b-41d4-a716-446655440012', '2025-02-24 12:00:00'),
    (13, '550e8400-e29b-41d4-a716-446655440013', '2025-02-24 12:00:00'),
    (14, '550e8400-e29b-41d4-a716-446655440014', '2025-02-24 12:00:00'),
    (15, '550e8400-e29b-41d4-a716-446655440015', '2025-02-24 12:00:00'),
    (16, '550e8400-e29b-41d4-a716-446655440016', '2025-02-24 12:00:00'),
    (17, '550e8400-e29b-41d4-a716-446655440017', '2025-02-24 12:00:00'),
    (18, '550e8400-e29b-41d4-a716-446655440018', '2025-02-24 12:00:00'),
    (19, '550e8400-e29b-41d4-a716-446655440019', '2025-02-24 12:00:00'),
    (20, '550e8400-e29b-41d4-a716-446655440020', '2025-02-24 12:00:00'),
    (21, '550e8400-e29b-41d4-a716-446655440021', '2025-02-24 12:00:00'),
    (22, '550e8400-e29b-41d4-a716-446655440022', '2025-02-24 12:00:00'),
    (23, '550e8400-e29b-41d4-a716-446655440023', '2025-02-24 12:00:00'),
    (24, '550e8400-e29b-41d4-a716-446655440024', '2025-02-24 12:00:00'),
    (25, '550e8400-e29b-41d4-a716-446655440025', '2025-02-24 12:00:00');

-- Insert Shopping Cart Items
INSERT INTO shopping_cart_item (id, shopping_cart_id, ingredient_id, quantity)
VALUES
    (1, 1, 1, 1),    -- user1: Pollo
    (2, 1, 90, 2),   -- user1: Arroz
    (3, 2, 92, 1),   -- user2: Lenteja
    (4, 2, 39, 1),   -- user2: Cebolla
    (5, 3, 23, 1),   -- user3: Salmón
    (6, 3, 71, 0.2), -- user3: Limón
    (7, 4, 104, 1),  -- admin1: Queso fresco
    (8, 4, 173, 6),  -- admin1: Huevo
    (9, 5, 27, 1),   -- user5: Calamar
    (10, 5, 98, 0.5),-- user5: Harina de trigo
    (11, 6, 70, 2),  -- user6: Naranja
    (12, 6, 77, 0.5),-- user6: Fresa
    (13, 7, 30, 1),  -- user7: Gamba
    (14, 7, 90, 1),  -- user7: Arroz
    (15, 8, 108, 1), -- user8: Leche entera
    (16, 8, 200, 0.2),-- user8: Crema catalana en polvo
    (17, 9, 2, 1),   -- admin2: Ternera
    (18, 9, 155, 0.5),-- admin2: Vino tinto
    (19, 10, 166, 1),-- user10: Masa de pizza
    (20, 10, 103, 0.5),-- user10: Queso manchego
    (21, 11, 92, 1), -- user11:*Lenteja
    (22, 11, 50, 1), -- user11: Zanahoria
    (23, 12, 44, 2), -- user12: Patata
    (24, 12, 173, 6),-- user12: Huevo
    (25, 13, 96, 1), -- admin3: Quinoa
    (26, 13, 48, 1), -- admin3: Calabacín
    (27, 14, 15, 1), -- user14: Pollo (pechuga)
    (28, 14, 71, 0.2),-- user14: Limón
    (29, 15, 173, 6),-- user15: Huevo
    (30, 15, 108, 1),-- user15: Leche entera
    (31, 16, 91, 1), -- user16: Pasta
    (32, 16, 129, 0.01),-- user16: Albahaca
    (33, 17, 2, 1),  -- admin4: Ternera
    (34, 17, 39, 1), -- admin4: Cebolla
    (35, 18, 90, 1), -- user18: Arroz
    (36, 18, 48, 1), -- user18: Calabacín
    (37, 19, 23, 1), -- user19: Salmón
    (38, 19, 114, 0.2),-- user19: Aceite de oliva
    (39, 20, 44, 2), -- user20: Patata
    (40, 20, 39, 1), -- user20: Cebolla
    (41, 21, 104, 1),-- admin5: Queso fresco
    (42, 21, 168, 0.5),-- admin5: Azúcar blanco
    (43, 22, 96, 1), -- user22: Quinoa
    (44, 22, 41, 0.5),-- user22: Pimiento rojo
    (45, 23, 90, 1), -- user23: Arroz
    (46, 23, 50, 1), -- user23: Zanahoria
    (47, 24, 44, 2), -- user24: Patata
    (48, 24, 173, 6),-- user24: Huevo
    (49, 25, 2, 1),  -- admin6: Ternera
    (50, 25, 155, 0.5);-- admin6: Vino tinto

-- Insert Refresh Tokens
INSERT INTO refresh_token (id, user_id, created_at, expire_at)
VALUES
    ('550e8400-e29b-41d4-a716-446655440006', '550e8400-e29b-41d4-a716-446655440001', '2025-02-24 12:00:00', '2026-02-25 12:00:00'),
    ('550e8400-e29b-41d4-a716-446655440026', '550e8400-e29b-41d4-a716-446655440002', '2025-02-24 12:00:00', '2026-02-25 12:00:00'),
    ('550e8400-e29b-41d4-a716-446655440027', '550e8400-e29b-41d4-a716-446655440003', '2025-02-24 12:00:00', '2026-02-25 12:00:00'),
    ('550e8400-e29b-41d4-a716-446655440028', '03453eb8-4c4a-42fb-98c7-302e9b81acc6', '2025-02-24 12:00:00', '2026-02-25 12:00:00'),
    ('550e8400-e29b-41d4-a716-446655440029', '550e8400-e29b-41d4-a716-446655440005', '2025-02-24 12:00:00', '2026-02-25 12:00:00'),
    ('550e8400-e29b-41d4-a716-446655440030', '550e8400-e29b-41d4-a716-446655440006', '2025-02-24 12:00:00', '2026-02-25 12:00:00'),
    ('550e8400-e29b-41d4-a716-446655440031', '550e8400-e29b-41d4-a716-446655440007', '2025-02-24 12:00:00', '2026-02-25 12:00:00'),
    ('550e8400-e29b-41d4-a716-446655440032', '550e8400-e29b-41d4-a716-446655440008', '2025-02-24 12:00:00', '2026-02-25 12:00:00'),
    ('550e8400-e29b-41d4-a716-446655440033', '550e8400-e29b-41d4-a716-446655440009', '2025-02-24 12:00:00', '2026-02-25 12:00:00'),
    ('550e8400-e29b-41d4-a716-446655440034', '550e8400-e29b-41d4-a716-446655440010', '2025-02-24 12:00:00', '2026-02-25 12:00:00'),
    ('550e8400-e29b-41d4-a716-446655440035', '550e8400-e29b-41d4-a716-446655440011', '2025-02-24 12:00:00', '2026-02-25 12:00:00'),
    ('550e8400-e29b-41d4-a716-446655440036', '550e8400-e29b-41d4-a716-446655440012', '2025-02-24 12:00:00', '2026-02-25 12:00:00'),
    ('550e8400-e29b-41d4-a716-446655440037', '550e8400-e29b-41d4-a716-446655440013', '2025-02-24 12:00:00', '2026-02-25 12:00:00'),
    ('550e8400-e29b-41d4-a716-446655440038', '550e8400-e29b-41d4-a716-446655440014', '2025-02-24 12:00:00', '2026-02-25 12:00:00'),
    ('550e8400-e29b-41d4-a716-446655440039', '550e8400-e29b-41d4-a716-446655440015', '2025-02-24 12:00:00', '2026-02-25 12:00:00'),
    ('550e8400-e29b-41d4-a716-446655440040', '550e8400-e29b-41d4-a716-446655440016', '2025-02-24 12:00:00', '2026-02-25 12:00:00'),
    ('550e8400-e29b-41d4-a716-446655440041', '550e8400-e29b-41d4-a716-446655440017', '2025-02-24 12:00:00', '2026-02-25 12:00:00'),
    ('550e8400-e29b-41d4-a716-446655440042', '550e8400-e29b-41d4-a716-446655440018', '2025-02-24 12:00:00', '2026-02-25 12:00:00'),
    ('550e8400-e29b-41d4-a716-446655440043', '550e8400-e29b-41d4-a716-446655440019', '2025-02-24 12:00:00', '2026-02-25 12:00:00'),
    ('550e8400-e29b-41d4-a716-446655440044', '550e8400-e29b-41d4-a716-446655440020', '2025-02-24 12:00:00', '2026-02-25 12:00:00'),
    ('550e8400-e29b-41d4-a716-446655440045', '550e8400-e29b-41d4-a716-446655440021', '2025-02-24 12:00:00', '2026-02-25 12:00:00'),
    ('550e8400-e29b-41d4-a716-446655440046', '550e8400-e29b-41d4-a716-446655440022', '2025-02-24 12:00:00', '2026-02-25 12:00:00'),
    ('550e8400-e29b-41d4-a716-446655440047', '550e8400-e29b-41d4-a716-446655440023', '2025-02-24 12:00:00', '2026-02-25 12:00:00'),
    ('550e8400-e29b-41d4-a716-446655440048', '550e8400-e29b-41d4-a716-446655440024', '2025-02-24 12:00:00', '2026-02-25 12:00:00'),
    ('550e8400-e29b-41d4-a716-446655440049', '550e8400-e29b-41d4-a716-446655440025', '2025-02-24 12:00:00', '2026-02-25 12:00:00');


ALTER SEQUENCE recipe_seq RESTART WITH 100;
ALTER SEQUENCE ingredient_seq RESTART WITH 250;
ALTER SEQUENCE category_seq RESTART WITH 100;
ALTER SEQUENCE shopping_cart_seq RESTART WITH 100;
ALTER SEQUENCE favorites_seq RESTART WITH 100;